{
    "feature_means": {
        "mean radius": 14.127291739894563,
        "mean texture": 19.28964850615117,
        "mean perimeter": 91.96903339191566,
        "mean area": 654.8891036906857,
        "mean smoothness": 0.096360281195079,
        "mean compactness": 0.10434098418277686,
        "mean concavity": 0.08879931581722322,
        "mean concave points": 0.048919145869947236,
        "mean symmetry": 0.181161862917399,
        "mean fractal dimension": 0.06279760984182778,
        "radius error": 0.4051720562390161,
        "texture error": 1.2168534270650269,
        "perimeter error": 2.8660592267135288,
        "area error": 40.33707908611603,
        "smoothness error": 0.007040978910369071,
        "compactness error": 0.025478138840070306,
        "concavity error": 0.031893716344463946,
        "concave points error": 0.011796137082601056,
        "symmetry error": 0.020542298769771532,
        "fractal dimension error": 0.0037949038664323383,
        "worst radius": 16.269189806678394,
        "worst texture": 25.677223198594014,
        "worst perimeter": 107.2612126537786,
        "worst area": 880.5831282952545,
        "worst smoothness": 0.13236859402460469,
        "worst compactness": 0.25426504393673144,
        "worst concavity": 0.27218848330404205,
        "worst concave points": 0.11460622319859404,
        "worst symmetry": 0.29007557117750454,
        "worst fractal dimension": 0.08394581722319855
    },
    "feature_stds": {
        "mean radius": 3.524048826212078,
        "mean texture": 4.301035768166949,
        "mean perimeter": 24.2989810387549,
        "mean area": 351.9141291816527,
        "mean smoothness": 0.014064128137673616,
        "mean compactness": 0.0528127579325122,
        "mean concavity": 0.0797198087078935,
        "mean concave points": 0.03880284485915359,
        "mean symmetry": 0.027414281336035712,
        "mean fractal dimension": 0.007060362795084459,
        "radius error": 0.2773127329861041,
        "texture error": 0.5516483926172023,
        "perimeter error": 2.021854554042107,
        "area error": 45.49100551613178,
        "smoothness error": 0.003002517943839067,
        "compactness error": 0.017908179325677377,
        "concavity error": 0.030186060322988394,
        "concave points error": 0.006170285174046866,
        "symmetry error": 0.008266371528798399,
        "fractal dimension error": 0.0026460709670891942,
        "worst radius": 4.833241580469324,
        "worst texture": 6.146257623038323,
        "worst perimeter": 33.60254226903635,
        "worst area": 569.3569926699492,
        "worst smoothness": 0.022832429404835458,
        "worst compactness": 0.15733648891374194,
        "worst concavity": 0.20862428060813235,
        "worst concave points": 0.0657323411959421,
        "worst symmetry": 0.06186746753751869,
        "worst fractal dimension": 0.01806126734889399
    },
    "feature_min": {
        "mean radius": 6.981,
        "mean texture": 9.71,
        "mean perimeter": 43.79,
        "mean area": 143.5,
        "mean smoothness": 0.05263,
        "mean compactness": 0.01938,
        "mean concavity": 0.0,
        "mean concave points": 0.0,
        "mean symmetry": 0.106,
        "mean fractal dimension": 0.04996,
        "radius error": 0.1115,
        "texture error": 0.3602,
        "perimeter error": 0.757,
        "area error": 6.802,
        "smoothness error": 0.001713,
        "compactness error": 0.002252,
        "concavity error": 0.0,
        "concave points error": 0.0,
        "symmetry error": 0.007882,
        "fractal dimension error": 0.0008948,
        "worst radius": 7.93,
        "worst texture": 12.02,
        "worst perimeter": 50.41,
        "worst area": 185.2,
        "worst smoothness": 0.07117,
        "worst compactness": 0.02729,
        "worst concavity": 0.0,
        "worst concave points": 0.0,
        "worst symmetry": 0.1565,
        "worst fractal dimension": 0.05504
    },
    "feature_max": {
        "mean radius": 28.11,
        "mean texture": 39.28,
        "mean perimeter": 188.5,
        "mean area": 2501.0,
        "mean smoothness": 0.1634,
        "mean compactness": 0.3454,
        "mean concavity": 0.4268,
        "mean concave points": 0.2012,
        "mean symmetry": 0.304,
        "mean fractal dimension": 0.09744,
        "radius error": 2.873,
        "texture error": 4.885,
        "perimeter error": 21.98,
        "area error": 542.2,
        "smoothness error": 0.03113,
        "compactness error": 0.1354,
        "concavity error": 0.396,
        "concave points error": 0.05279,
        "symmetry error": 0.07895,
        "fractal dimension error": 0.02984,
        "worst radius": 36.04,
        "worst texture": 49.54,
        "worst perimeter": 251.2,
        "worst area": 4254.0,
        "worst smoothness": 0.2226,
        "worst compactness": 1.058,
        "worst concavity": 1.252,
        "worst concave points": 0.291,
        "worst symmetry": 0.6638,
        "worst fractal dimension": 0.2075
    },
    "scaled_means": {
        "mean radius": -3.1628673513486446e-15,
        "mean texture": -6.530608898805622e-15,
        "mean perimeter": -7.078891271247922e-16,
        "mean area": -8.7998345185579195e-16,
        "mean smoothness": 6.132177366945417e-15,
        "mean compactness": -1.1203691752895692e-15,
        "mean concavity": -4.4213802702998324e-16,
        "mean concave points": 9.732499906555854e-16,
        "mean symmetry": -1.9716702396901945e-15,
        "mean fractal dimension": -1.4536312009591242e-15,
        "radius error": -9.07641468330417e-16,
        "texture error": -8.853492046110101e-16,
        "perimeter error": 1.7736739630226414e-15,
        "area error": -8.291551393927246e-16,
        "smoothness error": -7.541809395311751e-16,
        "compactness error": -3.921877468359516e-16,
        "concavity error": 7.917899883882048e-16,
        "concave points error": -2.739460679391423e-16,
        "symmetry error": -3.1082342323864223e-16,
        "fractal dimension error": -3.366765956046938e-16,
        "worst radius": -2.3332244162509004e-15,
        "worst texture": 1.7636741510697346e-15,
        "worst perimeter": -1.1980262515287278e-15,
        "worst area": 5.049661138365386e-16,
        "worst smoothness": -5.213170258688037e-15,
        "worst compactness": -2.174788371260456e-15,
        "worst concavity": 6.856456429758875e-16,
        "worst concave points": -1.4126563617374574e-16,
        "worst symmetry": -2.2895667006516244e-15,
        "worst fractal dimension": 2.575171085940741e-15
    },
    "scaled_stds": {
        "mean radius": 1.0008798945829014,
        "mean texture": 1.000879894582903,
        "mean perimeter": 1.0008798945829025,
        "mean area": 1.0008798945829032,
        "mean smoothness": 1.000879894582903,
        "mean compactness": 1.0008798945829016,
        "mean concavity": 1.000879894582902,
        "mean concave points": 1.000879894582903,
        "mean symmetry": 1.0008798945829027,
        "mean fractal dimension": 1.000879894582902,
        "radius error": 1.0008798945829016,
        "texture error": 1.0008798945829025,
        "perimeter error": 1.0008798945829025,
        "area error": 1.0008798945829025,
        "smoothness error": 1.0008798945829016,
        "compactness error": 1.0008798945829038,
        "concavity error": 1.0008798945829023,
        "concave points error": 1.0008798945829032,
        "symmetry error": 1.000879894582902,
        "fractal dimension error": 1.000879894582903,
        "worst radius": 1.0008798945829023,
        "worst texture": 1.0008798945829014,
        "worst perimeter": 1.0008798945829025,
        "worst area": 1.000879894582902,
        "worst smoothness": 1.0008798945829027,
        "worst compactness": 1.0008798945829025,
        "worst concavity": 1.0008798945829023,
        "worst concave points": 1.0008798945829016,
        "worst symmetry": 1.0008798945829016,